<?xml version="1.0" encoding="UTF-8"?>
<project-private xmlns="http://www.netbeans.org/ns/project-private/1">
    <editor-bookmarks xmlns="http://www.netbeans.org/ns/editor-bookmarks/2" lastBookmarkId="0"/>
    <open-files xmlns="http://www.netbeans.org/ns/projectui-open-files/2">
        <group>
            <file>file:/C:/Users/kingo/eclipse-workspace/Hospital-Management/Hospital%20Management/src/Main.java</file>
            <file>file:/C:/Users/kingo/eclipse-workspace/Hospital-Management/Hospital%20Management/src/Connect.java</file>
            <file>file:/C:/Users/kingo/eclipse-workspace/Hospital-Management/Hospital%20Management/src/About.java</file>
            <file>file:/C:/Users/kingo/eclipse-workspace/Hospital-Management/Hospital%20Management/src/DocRec.java</file>
            <file>file:/C:/Users/kingo/eclipse-workspace/Hospital-Management/Hospital%20Management/src/ChangePassword.java</file>
            <file>file:/C:/Users/kingo/eclipse-workspace/Hospital-Management/Hospital%20Management/src/LoginDetails.java</file>
            <file>file:/C:/Users/kingo/eclipse-workspace/Hospital-Management/Hospital%20Management/src/Entry.java</file>
            <file>file:/C:/Users/kingo/eclipse-workspace/Hospital-Management/Hospital%20Management/src/login.java</file>
            <file>file:/C:/Users/kingo/eclipse-workspace/Hospital-Management/Hospital%20Management/src/Patient_Admit_Room.java</file>
            <file>file:/C:/Users/kingo/eclipse-workspace/Hospital-Management/Hospital%20Management/src/Bill_RoomRec.java</file>
        </group>
    </open-files>
</project-private>
